CREATE DATABASE  IF NOT EXISTS `hoteldb` /*!40100 DEFAULT CHARACTER SET utf8 */ /*!80016 DEFAULT ENCRYPTION='N' */;
USE `hoteldb`;
-- MySQL dump 10.13  Distrib 8.0.26, for Win64 (x86_64)
--
-- Host: localhost    Database: hoteldb
-- ------------------------------------------------------
-- Server version	8.0.26

/*!40101 SET @OLD_CHARACTER_SET_CLIENT=@@CHARACTER_SET_CLIENT */;
/*!40101 SET @OLD_CHARACTER_SET_RESULTS=@@CHARACTER_SET_RESULTS */;
/*!40101 SET @OLD_COLLATION_CONNECTION=@@COLLATION_CONNECTION */;
/*!50503 SET NAMES utf8 */;
/*!40103 SET @OLD_TIME_ZONE=@@TIME_ZONE */;
/*!40103 SET TIME_ZONE='+00:00' */;
/*!40014 SET @OLD_UNIQUE_CHECKS=@@UNIQUE_CHECKS, UNIQUE_CHECKS=0 */;
/*!40014 SET @OLD_FOREIGN_KEY_CHECKS=@@FOREIGN_KEY_CHECKS, FOREIGN_KEY_CHECKS=0 */;
/*!40101 SET @OLD_SQL_MODE=@@SQL_MODE, SQL_MODE='NO_AUTO_VALUE_ON_ZERO' */;
/*!40111 SET @OLD_SQL_NOTES=@@SQL_NOTES, SQL_NOTES=0 */;

--
-- Table structure for table `activitylog`
--

DROP TABLE IF EXISTS `activitylog`;
/*!40101 SET @saved_cs_client     = @@character_set_client */;
/*!50503 SET character_set_client = utf8mb4 */;
CREATE TABLE `activitylog` (
  `id` int NOT NULL AUTO_INCREMENT,
  `dodate` datetime NOT NULL,
  `descriptin` text,
  `users_user_id` int NOT NULL,
  PRIMARY KEY (`id`),
  KEY `fk_activitylog_users1_idx` (`users_user_id`),
  CONSTRAINT `fk_activitylog_users1` FOREIGN KEY (`users_user_id`) REFERENCES `users` (`user_id`)
) ENGINE=InnoDB DEFAULT CHARSET=utf8mb3;
/*!40101 SET character_set_client = @saved_cs_client */;

--
-- Dumping data for table `activitylog`
--

LOCK TABLES `activitylog` WRITE;
/*!40000 ALTER TABLE `activitylog` DISABLE KEYS */;
/*!40000 ALTER TABLE `activitylog` ENABLE KEYS */;
UNLOCK TABLES;

--
-- Table structure for table `civilstatus`
--

DROP TABLE IF EXISTS `civilstatus`;
/*!40101 SET @saved_cs_client     = @@character_set_client */;
/*!50503 SET character_set_client = utf8mb4 */;
CREATE TABLE `civilstatus` (
  `id` int NOT NULL AUTO_INCREMENT,
  `name` varchar(100) DEFAULT NULL,
  PRIMARY KEY (`id`)
) ENGINE=InnoDB AUTO_INCREMENT=2 DEFAULT CHARSET=utf8mb3;
/*!40101 SET character_set_client = @saved_cs_client */;

--
-- Dumping data for table `civilstatus`
--

LOCK TABLES `civilstatus` WRITE;
/*!40000 ALTER TABLE `civilstatus` DISABLE KEYS */;
INSERT INTO `civilstatus` VALUES (1,'Married');
/*!40000 ALTER TABLE `civilstatus` ENABLE KEYS */;
UNLOCK TABLES;

--
-- Table structure for table `designation`
--

DROP TABLE IF EXISTS `designation`;
/*!40101 SET @saved_cs_client     = @@character_set_client */;
/*!50503 SET character_set_client = utf8mb4 */;
CREATE TABLE `designation` (
  `id` int NOT NULL AUTO_INCREMENT,
  `name` varchar(100) DEFAULT NULL,
  PRIMARY KEY (`id`)
) ENGINE=InnoDB AUTO_INCREMENT=2 DEFAULT CHARSET=utf8mb3;
/*!40101 SET character_set_client = @saved_cs_client */;

--
-- Dumping data for table `designation`
--

LOCK TABLES `designation` WRITE;
/*!40000 ALTER TABLE `designation` DISABLE KEYS */;
INSERT INTO `designation` VALUES (1,'Admin');
/*!40000 ALTER TABLE `designation` ENABLE KEYS */;
UNLOCK TABLES;

--
-- Table structure for table `employee`
--

DROP TABLE IF EXISTS `employee`;
/*!40101 SET @saved_cs_client     = @@character_set_client */;
/*!50503 SET character_set_client = utf8mb4 */;
CREATE TABLE `employee` (
  `id` int NOT NULL AUTO_INCREMENT,
  `number` char(6) NOT NULL,
  `fullname` varchar(225) NOT NULL,
  `callingname` varchar(100) NOT NULL,
  `photo` mediumblob,
  `dobirth` date DEFAULT NULL,
  `nic` char(12) NOT NULL,
  `address` text,
  `mobile` char(10) DEFAULT NULL,
  `land` char(10) DEFAULT NULL,
  `description` text,
  `doassignment` date DEFAULT NULL,
  `employeestatus_id` int NOT NULL,
  `civilstatus_id` int NOT NULL,
  `designation_id` int NOT NULL,
  `gender_id` int NOT NULL,
  PRIMARY KEY (`id`),
  UNIQUE KEY `number_UNIQUE` (`number`),
  UNIQUE KEY `nic_UNIQUE` (`nic`),
  KEY `fk_employee_employeestatus1_idx` (`employeestatus_id`),
  KEY `fk_employee_civilstatus1_idx` (`civilstatus_id`),
  KEY `fk_employee_designation1_idx` (`designation_id`),
  KEY `fk_employee_gender1_idx` (`gender_id`),
  CONSTRAINT `fk_employee_civilstatus1` FOREIGN KEY (`civilstatus_id`) REFERENCES `civilstatus` (`id`),
  CONSTRAINT `fk_employee_designation1` FOREIGN KEY (`designation_id`) REFERENCES `designation` (`id`),
  CONSTRAINT `fk_employee_employeestatus1` FOREIGN KEY (`employeestatus_id`) REFERENCES `employeestatus` (`id`),
  CONSTRAINT `fk_employee_gender1` FOREIGN KEY (`gender_id`) REFERENCES `gender` (`id`)
) ENGINE=InnoDB AUTO_INCREMENT=2 DEFAULT CHARSET=utf8mb3;
/*!40101 SET character_set_client = @saved_cs_client */;

--
-- Dumping data for table `employee`
--

LOCK TABLES `employee` WRITE;
/*!40000 ALTER TABLE `employee` DISABLE KEYS */;
INSERT INTO `employee` VALUES (1,'210001','Bit Project','Admin',NULL,'2021-01-01','000000000V','Gampaha','0710000000',NULL,NULL,'2021-01-01',1,1,1,1);
/*!40000 ALTER TABLE `employee` ENABLE KEYS */;
UNLOCK TABLES;

--
-- Table structure for table `employeestatus`
--

DROP TABLE IF EXISTS `employeestatus`;
/*!40101 SET @saved_cs_client     = @@character_set_client */;
/*!50503 SET character_set_client = utf8mb4 */;
CREATE TABLE `employeestatus` (
  `id` int NOT NULL AUTO_INCREMENT,
  `name` varchar(100) DEFAULT NULL,
  PRIMARY KEY (`id`)
) ENGINE=InnoDB AUTO_INCREMENT=4 DEFAULT CHARSET=utf8mb3;
/*!40101 SET character_set_client = @saved_cs_client */;

--
-- Dumping data for table `employeestatus`
--

LOCK TABLES `employeestatus` WRITE;
/*!40000 ALTER TABLE `employeestatus` DISABLE KEYS */;
INSERT INTO `employeestatus` VALUES (1,'Working'),(2,'Resign'),(3,'Deleted');
/*!40000 ALTER TABLE `employeestatus` ENABLE KEYS */;
UNLOCK TABLES;

--
-- Table structure for table `gender`
--

DROP TABLE IF EXISTS `gender`;
/*!40101 SET @saved_cs_client     = @@character_set_client */;
/*!50503 SET character_set_client = utf8mb4 */;
CREATE TABLE `gender` (
  `id` int NOT NULL AUTO_INCREMENT,
  `name` varchar(100) DEFAULT NULL,
  PRIMARY KEY (`id`)
) ENGINE=InnoDB AUTO_INCREMENT=3 DEFAULT CHARSET=utf8mb3;
/*!40101 SET character_set_client = @saved_cs_client */;

--
-- Dumping data for table `gender`
--

LOCK TABLES `gender` WRITE;
/*!40000 ALTER TABLE `gender` DISABLE KEYS */;
INSERT INTO `gender` VALUES (1,'Male'),(2,'Female');
/*!40000 ALTER TABLE `gender` ENABLE KEYS */;
UNLOCK TABLES;

--
-- Table structure for table `hibernate_sequence`
--

DROP TABLE IF EXISTS `hibernate_sequence`;
/*!40101 SET @saved_cs_client     = @@character_set_client */;
/*!50503 SET character_set_client = utf8mb4 */;
CREATE TABLE `hibernate_sequence` (
  `next_val` bigint DEFAULT NULL
) ENGINE=InnoDB DEFAULT CHARSET=utf8mb3;
/*!40101 SET character_set_client = @saved_cs_client */;

--
-- Dumping data for table `hibernate_sequence`
--

LOCK TABLES `hibernate_sequence` WRITE;
/*!40000 ALTER TABLE `hibernate_sequence` DISABLE KEYS */;
INSERT INTO `hibernate_sequence` VALUES (1),(1);
/*!40000 ALTER TABLE `hibernate_sequence` ENABLE KEYS */;
UNLOCK TABLES;

--
-- Table structure for table `module`
--

DROP TABLE IF EXISTS `module`;
/*!40101 SET @saved_cs_client     = @@character_set_client */;
/*!50503 SET character_set_client = utf8mb4 */;
CREATE TABLE `module` (
  `id` int NOT NULL AUTO_INCREMENT,
  `name` varchar(45) DEFAULT NULL,
  PRIMARY KEY (`id`)
) ENGINE=InnoDB AUTO_INCREMENT=4 DEFAULT CHARSET=utf8mb3;
/*!40101 SET character_set_client = @saved_cs_client */;

--
-- Dumping data for table `module`
--

LOCK TABLES `module` WRITE;
/*!40000 ALTER TABLE `module` DISABLE KEYS */;
INSERT INTO `module` VALUES (1,'EMPLOYEE'),(2,'USER'),(3,'PRIVILAGE');
/*!40000 ALTER TABLE `module` ENABLE KEYS */;
UNLOCK TABLES;

--
-- Table structure for table `privilage`
--

DROP TABLE IF EXISTS `privilage`;
/*!40101 SET @saved_cs_client     = @@character_set_client */;
/*!50503 SET character_set_client = utf8mb4 */;
CREATE TABLE `privilage` (
  `id` int NOT NULL AUTO_INCREMENT,
  `roles_role_id` int NOT NULL,
  `module_id` int NOT NULL,
  `sel` int DEFAULT NULL,
  `ins` int DEFAULT NULL,
  `upd` int DEFAULT NULL,
  `del` int DEFAULT NULL,
  PRIMARY KEY (`id`),
  KEY `fk_privilage_module1_idx` (`module_id`),
  KEY `fk_privilage_roles1_idx` (`roles_role_id`),
  CONSTRAINT `fk_privilage_module1` FOREIGN KEY (`module_id`) REFERENCES `module` (`id`),
  CONSTRAINT `fk_privilage_roles1` FOREIGN KEY (`roles_role_id`) REFERENCES `roles` (`role_id`)
) ENGINE=InnoDB AUTO_INCREMENT=7 DEFAULT CHARSET=utf8mb3;
/*!40101 SET character_set_client = @saved_cs_client */;

--
-- Dumping data for table `privilage`
--

LOCK TABLES `privilage` WRITE;
/*!40000 ALTER TABLE `privilage` DISABLE KEYS */;
INSERT INTO `privilage` VALUES (1,2,1,1,1,1,1),(2,2,2,1,1,1,1),(3,2,3,1,1,1,1),(4,3,1,0,0,0,0),(5,3,2,0,0,0,0),(6,3,3,0,0,0,0);
/*!40000 ALTER TABLE `privilage` ENABLE KEYS */;
UNLOCK TABLES;

--
-- Table structure for table `roles`
--

DROP TABLE IF EXISTS `roles`;
/*!40101 SET @saved_cs_client     = @@character_set_client */;
/*!50503 SET character_set_client = utf8mb4 */;
CREATE TABLE `roles` (
  `role_id` int NOT NULL AUTO_INCREMENT,
  `role` varchar(255) DEFAULT NULL,
  PRIMARY KEY (`role_id`)
) ENGINE=InnoDB AUTO_INCREMENT=4 DEFAULT CHARSET=utf8mb3;
/*!40101 SET character_set_client = @saved_cs_client */;

--
-- Dumping data for table `roles`
--

LOCK TABLES `roles` WRITE;
/*!40000 ALTER TABLE `roles` DISABLE KEYS */;
INSERT INTO `roles` VALUES (1,'ADMIN'),(2,'MANAGER'),(3,'CASHIER');
/*!40000 ALTER TABLE `roles` ENABLE KEYS */;
UNLOCK TABLES;

--
-- Table structure for table `user_role`
--

DROP TABLE IF EXISTS `user_role`;
/*!40101 SET @saved_cs_client     = @@character_set_client */;
/*!50503 SET character_set_client = utf8mb4 */;
CREATE TABLE `user_role` (
  `user_id` int NOT NULL,
  `role_id` int NOT NULL,
  PRIMARY KEY (`user_id`,`role_id`),
  KEY `FKt7e7djp752sqn6w22i6ocqy6q` (`role_id`)
) ENGINE=InnoDB DEFAULT CHARSET=utf8mb3;
/*!40101 SET character_set_client = @saved_cs_client */;

--
-- Dumping data for table `user_role`
--

LOCK TABLES `user_role` WRITE;
/*!40000 ALTER TABLE `user_role` DISABLE KEYS */;
INSERT INTO `user_role` VALUES (1,1);
/*!40000 ALTER TABLE `user_role` ENABLE KEYS */;
UNLOCK TABLES;

--
-- Table structure for table `users`
--

DROP TABLE IF EXISTS `users`;
/*!40101 SET @saved_cs_client     = @@character_set_client */;
/*!50503 SET character_set_client = utf8mb4 */;
CREATE TABLE `users` (
  `user_id` int NOT NULL AUTO_INCREMENT,
  `active` bit(1) DEFAULT NULL,
  `email` varchar(255) DEFAULT NULL,
  `last_name` varchar(255) DEFAULT NULL,
  `name` varchar(255) DEFAULT NULL,
  `password` varchar(255) DEFAULT NULL,
  `user_name` varchar(255) NOT NULL,
  `employee_id` int DEFAULT NULL,
  `employee_created_id` int DEFAULT NULL,
  `hint` char(4) DEFAULT NULL,
  `docreation` date DEFAULT NULL,
  PRIMARY KEY (`user_id`),
  UNIQUE KEY `user_name_UNIQUE` (`user_name`),
  KEY `fk_users_employee1_idx` (`employee_id`),
  KEY `fk_users_employee2_idx` (`employee_created_id`),
  CONSTRAINT `fk_users_employee1` FOREIGN KEY (`employee_id`) REFERENCES `employee` (`id`),
  CONSTRAINT `fk_users_employee2` FOREIGN KEY (`employee_created_id`) REFERENCES `employee` (`id`)
) ENGINE=InnoDB AUTO_INCREMENT=2 DEFAULT CHARSET=utf8mb3;
/*!40101 SET character_set_client = @saved_cs_client */;

--
-- Dumping data for table `users`
--

LOCK TABLES `users` WRITE;
/*!40000 ALTER TABLE `users` DISABLE KEYS */;
INSERT INTO `users` VALUES (1,_binary '','admin.gmail.com',NULL,NULL,'$2a$10$DBcSvDu0V0t6hg0tY23V4elcGDwhgCIbehP5gCkNY8eFBOwaR9CHW','Admin',1,1,NULL,'2021-01-01');
/*!40000 ALTER TABLE `users` ENABLE KEYS */;
UNLOCK TABLES;
/*!40103 SET TIME_ZONE=@OLD_TIME_ZONE */;

/*!40101 SET SQL_MODE=@OLD_SQL_MODE */;
/*!40014 SET FOREIGN_KEY_CHECKS=@OLD_FOREIGN_KEY_CHECKS */;
/*!40014 SET UNIQUE_CHECKS=@OLD_UNIQUE_CHECKS */;
/*!40101 SET CHARACTER_SET_CLIENT=@OLD_CHARACTER_SET_CLIENT */;
/*!40101 SET CHARACTER_SET_RESULTS=@OLD_CHARACTER_SET_RESULTS */;
/*!40101 SET COLLATION_CONNECTION=@OLD_COLLATION_CONNECTION */;
/*!40111 SET SQL_NOTES=@OLD_SQL_NOTES */;

-- Dump completed on 2021-08-11 14:05:29
